address,amount
0x56290c68d8dF8C3DFf3cDF5EC9b5D7e85e7Fe832,17
0xBe32DDDFe8D74221C3e9A6cDB65f5f83808252FE,20
0x0dfaaf9cb32e642a64d59a59cd7cbdfaf6720bab,50
0x39284258deb83bcbf109662e0bbcffd2ee29be9c,10
0xdbbf8bbc514edabfccd41a5f30bffd7cb3c0d468,25
0x2bdcee8cb40ff7395e5fdd7c4ca3afa10fc7a3ec,40
0xa6f7d8da4c62ee8f78d3ee36f438a576c38fee88,65
0xe9aaaeef2d23c948fab2b5a75e0cbd7dcea05d4c,32
0x663bf01dbeed7d5c22ad73ff8cfc75eeef9a1f56,43
0x7b6ee56215ffcf538de6ecb9a0eabb4ede0cf553,10
0xde26eeb3d13315ddbc685cd8bf3fdb70efa73e8b,70
0xd5bd0b6bcccaaac630bcc4103eaa2beea103e3bb,20